Date,Apple,S&P 500
2021-01-04,125.63249969482422,3700.64990234375
2021-01-05,127.18579864501953,3726.860107421875
2021-01-06,122.9045181274414,3748.139892578125
2021-01-07,127.0984115600586,3803.7900390625
2021-01-08,128.19546508789062,3824.679931640625
2021-01-11,125.21505737304688,3799.610107421875
2021-01-12,125.04031372070312,3801.18994140625
2021-01-13,127.06930541992188,3809.840087890625
2021-01-14,125.14708709716797,3795.5400390625
2021-01-15,123.42874145507812,3768.25
2021-01-19,124.0986328125,3798.909912109375
2021-01-20,128.176025390625,3851.85009765625
2021-01-21,132.874755859375,3853.070068359375
2021-01-22,135.01052856445312,3841.469970703125
2021-01-25,138.74810791015625,3855.360107421875
2021-01-26,138.9811248779297,3849.6201171875
2021-01-27,137.91323852539062,3750.77001953125
2021-01-28,133.0883026123047,3787.3798828125
2021-01-29,128.1080780029297,3714.239990234375
2021-02-01,130.22445678710938,3773.860107421875
2021-02-02,131.04965209960938,3826.31005859375
2021-02-03,130.03028869628906,3830.169921875
2021-02-04,133.37957763671875,3871.739990234375
2021-02-05,132.96630859375,3886.830078125
2021-02-08,133.11216735839844,3915.590087890625
2021-02-09,132.2371368408203,3911.22998046875
2021-02-10,131.63433837890625,3909.8798828125
2021-02-11,131.3815460205078,3916.3798828125
2021-02-12,131.6149444580078,3934.830078125
2021-02-16,129.49534606933594,3932.590087890625
2021-02-17,127.21057891845703,3931.330078125
2021-02-18,126.11190032958984,3913.969970703125
2021-02-19,126.26744842529297,3906.7099609375
2021-02-22,122.50483703613281,3876.5
2021-02-23,122.36870574951172,3881.3701171875
2021-02-24,121.87284088134766,3925.429931640625
2021-02-25,117.63380432128906,3829.340087890625
2021-02-26,117.89630889892578,3811.14990234375
2021-03-01,124.24517059326172,3901.820068359375
2021-03-02,121.64925384521484,3870.2900390625
2021-03-03,118.67411041259766,3819.719970703125
2021-03-04,116.79766082763672,3768.469970703125
2021-03-05,118.05186462402344,3841.93994140625
2021-03-08,113.13224029541016,3821.35009765625
2021-03-09,117.73102569580078,3875.43994140625
2021-03-10,116.65181732177734,3898.81005859375
2021-03-11,118.576904296875,3939.340087890625
2021-03-12,117.6727066040039,3943.340087890625
2021-03-15,120.55059051513672,3968.93994140625
2021-03-16,122.08676147460938,3962.7099609375
2021-03-17,121.2992172241211,3974.1201171875
2021-03-18,117.18657684326172,3915.4599609375
2021-03-19,116.66153717041016,3913.10009765625
2021-03-22,119.96723937988281,3940.590087890625
2021-03-23,119.14080810546875,3910.52001953125
2021-03-24,116.7587661743164,3889.139892578125
2021-03-25,117.24490356445312,3909.52001953125
2021-03-26,117.84768676757812,3974.5400390625
2021-03-29,118.02271270751953,3971.090087890625
2021-03-30,116.57403564453125,3958.550048828125
2021-03-31,118.76163482666016,3972.889892578125
2021-04-01,119.58802795410156,4019.8701171875
2021-04-05,122.4076156616211,4077.909912109375
2021-04-06,122.70899200439453,4073.93994140625
2021-04-07,124.35212707519531,4079.949951171875
2021-04-08,126.7438735961914,4097.169921875
2021-04-09,129.31063842773438,4128.7998046875
2021-04-12,127.5994873046875,4127.990234375
2021-04-13,130.70094299316406,4141.58984375
2021-04-14,128.3675537109375,4124.66015625
2021-04-15,130.76902770996094,4170.419921875
2021-04-16,130.43846130371094,4185.47021484375
2021-04-19,131.09963989257812,4163.259765625
2021-04-20,129.41761779785156,4134.93994140625
2021-04-21,129.7967529296875,4173.419921875
2021-04-22,128.2800750732422,4134.97998046875
2021-04-23,130.5940704345703,4180.169921875
2021-04-26,130.98297119140625,4187.6201171875
2021-04-27,130.66209411621094,4186.72021484375
2021-04-28,129.8745880126953,4183.18017578125
2021-04-29,129.77734375,4211.47021484375
2021-04-30,127.81341552734375,4181.169921875
2021-05-03,128.86338806152344,4192.66015625
2021-05-04,124.30349731445312,4164.66015625
2021-05-05,124.54658508300781,4167.58984375
2021-05-06,126.14109802246094,4201.6201171875
2021-05-07,126.81304931640625,4232.60009765625
2021-05-10,123.54071807861328,4188.43017578125
2021-05-11,122.62527465820312,4152.10009765625
2021-05-12,119.56716918945312,4063.0400390625
2021-05-13,121.70978546142578,4112.5
2021-05-14,124.12506866455078,4173.85009765625
2021-05-17,122.97588348388672,4163.2900390625
2021-05-18,121.59290313720703,4127.830078125
2021-05-19,121.43708038330078,4115.68017578125
2021-05-20,123.98873901367188,4159.1201171875
2021-05-21,122.15777587890625,4155.85986328125
2021-05-24,123.78418731689453,4197.0498046875
2021-05-25,123.58943176269531,4188.1298828125
2021-05-26,123.54071807861328,4195.990234375
2021-05-27,122.01168060302734,4200.8798828125
2021-05-28,121.35917663574219,4204.10986328125
2021-06-01,121.03779602050781,4202.0400390625
2021-06-02,121.79742431640625,4208.1201171875
2021-06-03,120.31708526611328,4192.85009765625
2021-06-04,122.60575866699219,4229.89013671875
2021-06-07,122.61553192138672,4226.52001953125
2021-06-08,123.43358612060547,4227.259765625
2021-06-09,123.81342315673828,4219.5498046875
2021-06-10,122.82006072998047,4239.18017578125
2021-06-11,124.02769470214844,4247.43994140625
2021-06-14,127.07601928710938,4255.14990234375
2021-06-15,126.25794982910156,4246.58984375
2021-06-16,126.75465393066406,4223.7001953125
2021-06-17,128.35183715820312,4221.85986328125
2021-06-18,127.05654907226562,4166.4501953125
2021-06-21,128.8485565185547,4224.7900390625
2021-06-22,130.48468017578125,4246.43994140625
2021-06-23,130.21202087402344,4241.83984375
2021-06-24,129.9296417236328,4266.490234375
2021-06-25,129.63743591308594,4280.7001953125
2021-06-28,131.26385498046875,4290.60986328125
2021-06-29,132.77342224121094,4291.7998046875
2021-06-30,133.38697814941406,4297.5
2021-07-01,133.68890380859375,4319.93994140625
2021-07-02,136.30870056152344,4352.33984375
2021-07-06,138.3149871826172,4343.5400390625
2021-07-07,140.79847717285156,4358.1298828125
2021-07-08,139.503173828125,4320.81982421875
2021-07-09,141.3243865966797,4369.5498046875
2021-07-12,140.73028564453125,4384.6298828125
2021-07-13,141.84051513671875,4369.2099609375
2021-07-14,145.2589874267578,4374.2998046875
2021-07-15,144.60643005371094,4360.02978515625
2021-07-16,142.57093811035156,4327.16015625
2021-07-19,138.73373413085938,4258.490234375
2021-07-20,142.33724975585938,4323.06005859375
2021-07-21,141.60679626464844,4358.68994140625
2021-07-22,142.9702911376953,4367.47998046875
2021-07-23,144.68434143066406,4411.7900390625
2021-07-26,145.1031951904297,4422.2998046875
2021-07-27,142.9410400390625,4401.4599609375
2021-07-28,141.19772338867188,4400.64013671875
2021-07-29,141.84051513671875,4419.14990234375
2021-07-30,142.05477905273438,4395.259765625
2021-08-02,141.72366333007812,4387.16015625
2021-08-03,143.5156707763672,4423.14990234375
2021-08-04,143.11636352539062,4402.66015625
2021-08-05,143.22348022460938,4429.10009765625
2021-08-06,142.5407257080078,4436.52001953125
2021-08-09,142.4919891357422,4432.35009765625
2021-08-10,142.01405334472656,4436.75
2021-08-11,142.2676239013672,4442.41015625
2021-08-12,145.2229766845703,4460.830078125
2021-08-13,145.42784118652344,4468.0
2021-08-16,147.39805603027344,4479.7099609375
2021-08-17,146.49098205566406,4448.080078125
2021-08-18,142.75534057617188,4400.27001953125
2021-08-19,143.08694458007812,4405.7998046875
2021-08-20,144.54025268554688,4441.669921875
2021-08-23,146.02284240722656,4479.52978515625
2021-08-24,145.93502807617188,4486.22998046875
2021-08-25,144.7060546875,4496.18994140625
2021-08-26,143.90625,4470.0
2021-08-27,144.940185546875,4509.3701171875
2021-08-30,149.34881591796875,4528.7900390625
2021-08-31,148.0906219482422,4522.68017578125
2021-09-01,148.75381469726562,4524.08984375
2021-09-02,149.86578369140625,4536.9501953125
2021-09-03,150.49978637695312,4535.43017578125
2021-09-07,152.83090209960938,4520.02978515625
2021-09-08,151.28981018066406,4514.06982421875
2021-09-09,150.2754364013672,4493.27978515625
2021-09-10,145.30104064941406,4458.580078125
2021-09-13,145.8667755126953,4468.72998046875
2021-09-14,144.4720001220703,4443.0498046875
2021-09-15,145.35955810546875,4480.7001953125
2021-09-16,145.12545776367188,4473.75
2021-09-17,142.46266174316406,4432.990234375
2021-09-20,139.4195556640625,4357.72998046875
2021-09-21,139.8974609375,4354.18994140625
2021-09-22,142.25787353515625,4395.64013671875
2021-09-23,143.2137451171875,4448.97998046875
2021-09-24,143.301513671875,4455.47998046875
2021-09-27,141.7897186279297,4443.10986328125
2021-09-28,138.41493225097656,4352.6298828125
2021-09-29,139.312255859375,4359.4599609375
2021-09-30,138.01499938964844,4307.5400390625
2021-10-01,139.13671875,4357.0400390625
2021-10-04,135.7131805419922,4300.4599609375
2021-10-05,137.63462829589844,4345.72021484375
2021-10-06,138.50270080566406,4363.5498046875
2021-10-07,139.76092529296875,4399.759765625
2021-10-08,139.38052368164062,4391.33984375
2021-10-11,139.29275512695312,4361.18994140625
2021-10-12,138.0247344970703,4350.64990234375
2021-10-13,137.43955993652344,4363.7998046875
2021-10-14,140.2193603515625,4438.259765625
2021-10-15,141.27273559570312,4471.3701171875
2021-10-18,142.94061279296875,4486.4599609375
2021-10-19,145.09617614746094,4519.6298828125
2021-10-20,145.58389282226562,4536.18994140625
2021-10-21,145.7984619140625,4549.77978515625
2021-10-22,145.02789306640625,4544.89990234375
2021-10-25,144.9791259765625,4566.47998046875
2021-10-26,145.64242553710938,4574.7900390625
2021-10-27,145.18402099609375,4551.68017578125
2021-10-28,148.81239318847656,4596.419921875
2021-10-29,146.11061096191406,4605.3798828125
2021-11-01,145.29127502441406,4613.669921875
2021-11-02,146.3251495361328,4630.64990234375
2021-11-03,147.75900268554688,4660.56982421875
2021-11-04,147.24203491210938,4680.06005859375
2021-11-05,147.76950073242188,4697.52978515625
2021-11-08,146.94898986816406,4701.7001953125
2021-11-09,147.31039428710938,4685.25
2021-11-10,144.48748779296875,4646.7099609375
2021-11-11,144.43861389160156,4649.27001953125
2021-11-12,146.50942993164062,4682.85009765625
2021-11-15,146.51918029785156,4682.7998046875
2021-11-16,147.49598693847656,4700.89990234375
2021-11-17,149.92819213867188,4688.669921875
2021-11-18,154.2065887451172,4704.5400390625
2021-11-19,156.82440185546875,4697.9599609375
2021-11-22,157.28346252441406,4682.93994140625
2021-11-23,157.66444396972656,4690.7001953125
2021-11-24,158.18214416503906,4701.4599609375
2021-11-26,153.17117309570312,4594.6201171875
2021-11-29,156.52159118652344,4655.27001953125
2021-11-30,161.4641876220703,4567.0
2021-12-01,160.94647216796875,4513.0400390625
2021-12-02,159.9598846435547,4577.10009765625
2021-12-03,158.0844268798828,4538.43017578125
2021-12-06,161.48367309570312,4591.669921875
2021-12-07,167.20770263671875,4686.75
2021-12-08,171.01722717285156,4701.2099609375
2021-12-09,170.50926208496094,4667.4501953125
2021-12-10,175.28579711914062,4712.02001953125
2021-12-13,171.66192626953125,4668.97021484375
2021-12-14,170.28460693359375,4634.08984375
2021-12-15,175.1392822265625,4709.85009765625
2021-12-16,168.26263427734375,4668.669921875
2021-12-17,167.16859436035156,4620.64013671875
2021-12-20,165.81092834472656,4568.02001953125
2021-12-21,168.97572326660156,4649.22998046875
2021-12-22,171.56423950195312,4696.56005859375
2021-12-23,172.1893310546875,4725.7900390625
2021-12-27,176.14537048339844,4791.18994140625
2021-12-28,175.12954711914062,4786.35009765625
2021-12-29,175.21743774414062,4793.06005859375
2021-12-30,174.06478881835938,4778.72998046875
2021-12-31,173.449462890625,4766.18017578125
2022-01-03,177.78636169433594,4796.56005859375
2022-01-04,175.53001403808594,4793.5400390625
2022-01-05,170.86094665527344,4700.580078125
2022-01-06,168.0086669921875,4696.0498046875
2022-01-07,168.1747283935547,4677.02978515625
2022-01-10,168.19427490234375,4670.2900390625
2022-01-11,171.01722717285156,4713.06982421875
2022-01-12,171.45677185058594,4726.35009765625
2022-01-13,168.19427490234375,4659.02978515625
2022-01-14,169.0538330078125,4662.85009765625
2022-01-18,165.8597412109375,4577.10986328125
2022-01-19,162.3726043701172,4532.759765625
2022-01-20,160.69248962402344,4482.72998046875
2022-01-21,158.64122009277344,4397.93994140625
2022-01-24,157.8695526123047,4410.1298828125
2022-01-25,156.07223510742188,4356.4501953125
2022-01-26,155.98434448242188,4349.93017578125
2022-01-27,155.52523803710938,4326.509765625
2022-01-28,166.37741088867188,4431.85009765625
2022-01-31,170.7241668701172,4515.5498046875
2022-02-01,170.55810546875,4546.5400390625
2022-02-02,171.75955200195312,4589.3798828125
2022-02-03,168.88780212402344,4477.43994140625
2022-02-04,168.60418701171875,4500.52978515625
2022-02-07,167.8901824951172,4483.8701171875
2022-02-08,170.9906005859375,4521.5400390625
2022-02-09,172.40870666503906,4587.18017578125
2022-02-10,168.340087890625,4504.080078125
2022-02-11,164.93655395507812,4418.64013671875
2022-02-14,165.17123413085938,4401.669921875
2022-02-15,168.99537658691406,4471.06982421875
2022-02-16,168.76063537597656,4475.009765625
2022-02-17,165.17123413085938,4380.259765625
2022-02-18,163.62594604492188,4348.8701171875
2022-02-22,160.71142578125,4304.759765625
2022-02-23,156.5547637939453,4225.5
2022-02-24,159.16607666015625,4288.7001953125
2022-02-25,161.22976684570312,4384.64990234375
2022-02-28,161.4938201904297,4373.93994140625
2022-03-01,159.61598205566406,4306.259765625
2022-03-02,162.90219116210938,4386.5400390625
2022-03-03,162.57948303222656,4363.490234375
2022-03-04,159.58663940429688,4328.8701171875
2022-03-07,155.8016357421875,4201.08984375
2022-03-08,153.9824981689453,4170.7001953125
2022-03-09,159.37147521972656,4277.8798828125
2022-03-10,155.03880310058594,4259.52001953125
2022-03-11,151.33200073242188,4204.31005859375
2022-03-14,147.312255859375,4173.10986328125
2022-03-15,151.68409729003906,4262.4501953125
2022-03-16,156.08523559570312,4357.85986328125
2022-03-17,157.09263610839844,4411.669921875
2022-03-18,160.3788604736328,4463.1201171875
2022-03-21,161.7481231689453,4461.18017578125
2022-03-22,165.11256408691406,4511.60986328125
2022-03-23,166.4720001220703,4456.240234375
2022-03-24,170.24728393554688,4520.16015625
2022-03-25,170.88302612304688,4543.06005859375
2022-03-28,171.7436981201172,4575.52001953125
2022-03-29,175.0299072265625,4631.60009765625
2022-03-30,173.86602783203125,4602.4501953125
2022-03-31,170.77542114257812,4530.41015625
2022-04-01,170.4820098876953,4545.85986328125
2022-04-04,174.5213165283203,4582.64013671875
2022-04-05,171.21551513671875,4525.1201171875
2022-04-06,168.0564727783203,4481.14990234375
2022-04-07,168.35964965820312,4500.2099609375
2022-04-08,166.35467529296875,4488.27978515625
2022-04-11,162.11000061035156,4412.52978515625
2022-04-12,163.97805786132812,4397.4501953125
2022-04-13,166.65786743164062,4446.58984375
2022-04-14,161.66006469726562,4392.58984375
2022-04-18,161.4449462890625,4391.68994140625
2022-04-19,163.72373962402344,4462.2099609375
2022-04-20,163.55751037597656,4459.4501953125
2022-04-21,162.7652587890625,4393.66015625
2022-04-22,158.2369384765625,4271.77978515625
2022-04-25,159.3030242919922,4296.1201171875
2022-04-26,153.3565216064453,4175.2001953125
2022-04-27,153.13160705566406,4183.9599609375
2022-04-28,160.0463409423828,4287.5
2022-04-29,154.18788146972656,4131.93017578125
2022-05-02,154.49105834960938,4155.3798828125
2022-05-03,155.9776611328125,4175.47998046875
2022-05-04,162.37405395507812,4300.169921875
2022-05-05,153.32720947265625,4146.8701171875
2022-05-06,154.05201721191406,4123.33984375
2022-05-09,148.9391632080078,3991.239990234375
2022-05-10,151.3388214111328,4001.050048828125
2022-05-11,143.49330139160156,3935.179931640625
2022-05-12,139.63412475585938,3930.080078125
2022-05-13,144.09072875976562,4023.889892578125
2022-05-16,142.55296325683594,4008.010009765625
2022-05-17,146.177001953125,4088.85009765625
2022-05-18,137.9298095703125,3923.679931640625
2022-05-19,134.5310516357422,3900.7900390625
2022-05-20,134.76608276367188,3901.360107421875
2022-05-23,140.1728057861328,3973.75
2022-05-24,137.4792938232422,3941.47998046875
2022-05-25,137.635986328125,3978.72998046875
2022-05-26,140.8290557861328,4057.840087890625
2022-05-27,146.56883239746094,4158.240234375
2022-05-31,145.78524780273438,4132.14990234375
2022-06-01,145.65789794921875,4101.22998046875
2022-06-02,148.10658264160156,4176.81982421875
2022-06-03,142.39627075195312,4108.5400390625
2022-06-06,143.14060974121094,4121.43017578125
2022-06-07,145.65789794921875,4160.68017578125
2022-06-08,144.9232940673828,4115.77001953125
2022-06-09,139.71249389648438,4017.820068359375
2022-06-10,134.31558227539062,3900.860107421875
2022-06-13,129.17335510253906,3749.6298828125
2022-06-14,130.0352325439453,3735.47998046875
2022-06-15,132.65045166015625,3789.989990234375
2022-06-16,127.39064025878906,3666.77001953125
2022-06-17,128.85987854003906,3674.840087890625
2022-06-21,133.08140563964844,3764.7900390625
2022-06-22,132.57212829589844,3759.889892578125
2022-06-23,135.4321746826172,3795.72998046875
2022-06-24,138.75262451171875,3911.739990234375
2022-06-27,138.75262451171875,3900.110107421875
2022-06-28,134.6192169189453,3821.550048828125
2022-06-29,136.37245178222656,3818.830078125
2022-06-30,133.91397094726562,3785.3798828125
2022-07-01,136.07862854003906,3825.330078125
2022-07-05,138.65460205078125,3831.389892578125
2022-07-06,139.98672485351562,3845.080078125
2022-07-07,143.34632873535156,3902.6201171875
2022-07-08,144.02218627929688,3899.3798828125
2022-07-11,141.89669799804688,3854.429931640625
2022-07-12,142.86639404296875,3818.800048828125
2022-07-13,142.50399780273438,3801.780029296875
2022-07-14,145.42283630371094,3790.3798828125
2022-07-15,147.087890625,3863.159912109375
2022-07-18,144.05157470703125,3830.85009765625
2022-07-19,147.90087890625,3936.68994140625
2022-07-20,149.8990478515625,3959.89990234375
2022-07-21,152.16162109375,3998.949951171875
2022-07-22,150.927490234375,3961.6298828125
2022-07-25,149.8108673095703,3966.840087890625
2022-07-26,148.48855590820312,3921.050048828125
2022-07-27,153.57211303710938,4023.610107421875
2022-07-28,154.1205596923828,4072.429931640625
2022-07-29,159.1746368408203,4130.2900390625
2022-08-01,158.19520568847656,4118.6298828125
2022-08-02,156.72596740722656,4091.18994140625
2022-08-03,162.72036743164062,4155.169921875
2022-08-04,162.4069366455078,4151.93994140625
2022-08-05,162.18133544921875,4145.18994140625
2022-08-08,161.71051025390625,4140.06005859375
2022-08-09,161.7595977783203,4122.47021484375
2022-08-10,165.99681091308594,4210.240234375
2022-08-11,165.26116943359375,4207.27001953125
2022-08-12,168.80198669433594,4280.14990234375
2022-08-15,169.87110900878906,4297.14013671875
2022-08-16,169.71417236328125,4305.2001953125
2022-08-17,171.2050323486328,4274.0400390625
2022-08-18,170.81271362304688,4283.740234375
2022-08-19,168.23309326171875,4228.47998046875
2022-08-22,164.3588104248047,4137.990234375
2022-08-23,164.02528381347656,4128.72998046875
2022-08-24,164.31954956054688,4140.77001953125
2022-08-25,166.7716522216797,4199.1201171875
2022-08-26,160.4844970703125,4057.659912109375
2022-08-29,158.28741455078125,4030.610107421875
2022-08-30,155.86476135253906,3986.159912109375
2022-08-31,154.2071533203125,3955.0
2022-09-01,154.9329376220703,3966.85009765625
2022-09-02,152.82415771484375,3924.260009765625
2022-09-06,151.56869506835938,3908.18994140625
2022-09-07,152.97128295898438,3979.8701171875
2022-09-08,151.50006103515625,4006.179931640625
2022-09-09,154.354248046875,4067.360107421875
2022-09-12,160.29811096191406,4110.41015625
2022-09-13,150.8919219970703,3932.68994140625
2022-09-14,152.333740234375,3946.010009765625
2022-09-15,149.45004272460938,3901.35009765625
2022-09-16,147.8120880126953,3873.330078125
2022-09-19,151.51963806152344,3899.889892578125
2022-09-20,153.89328002929688,3855.929931640625
2022-09-21,150.7742156982422,3789.929931640625
2022-09-22,149.81298828125,3757.989990234375
2022-09-23,147.54725646972656,3693.22998046875
2022-09-26,147.88075256347656,3655.0400390625
2022-09-27,148.8517608642578,3647.2900390625
2022-09-28,146.9685821533203,3719.0400390625
2022-09-29,139.74960327148438,3640.469970703125
2022-09-30,135.5516357421875,3585.6201171875
2022-10-03,139.72018432617188,3678.429931640625
2022-10-04,143.3002166748047,3790.929931640625
2022-10-05,143.594482421875,3783.280029296875
2022-10-06,142.64309692382812,3744.52001953125
2022-10-07,137.40542602539062,3639.659912109375
2022-10-10,137.72906494140625,3612.389892578125
2022-10-11,136.31666564941406,3588.840087890625
2022-10-12,135.68896484375,3577.030029296875
2022-10-13,140.24986267089844,3669.909912109375
2022-10-14,135.7281951904297,3583.070068359375
2022-10-17,139.68092346191406,3677.949951171875
2022-10-18,140.99526977539062,3719.97998046875
2022-10-19,141.10317993164062,3695.159912109375
2022-10-20,140.64218139648438,3665.780029296875
2022-10-21,144.44784545898438,3752.75
2022-10-24,146.58604431152344,3797.340087890625
2022-10-25,149.420654296875,3859.110107421875
2022-10-26,146.4879608154297,3830.60009765625
2022-10-27,142.0251922607422,3807.300048828125
2022-10-28,152.75550842285156,3901.06005859375
2022-10-31,150.4014892578125,3871.97998046875
2022-11-01,147.7630615234375,3856.10009765625
2022-11-02,142.25074768066406,3759.68994140625
2022-11-03,136.21859741210938,3719.889892578125
2022-11-04,135.9533233642578,3770.550048828125
2022-11-07,136.4838409423828,3806.800048828125
2022-11-08,137.05369567871094,3828.110107421875
2022-11-09,132.50489807128906,3748.570068359375
2022-11-10,144.29444885253906,3956.3701171875
2022-11-11,147.07481384277344,3992.929931640625
2022-11-14,145.67970275878906,3957.25
2022-11-15,147.4088592529297,3991.72998046875
2022-11-16,146.1807861328125,3958.7900390625
2022-11-17,148.07693481445312,3946.56005859375
2022-11-18,148.63694763183594,3965.340087890625
2022-11-21,145.41445922851562,3949.93994140625
2022-11-22,147.54638671875,4003.580078125
2022-11-23,148.42083740234375,4027.260009765625
2022-11-25,145.51271057128906,4026.1201171875
2022-11-28,141.69091796875,3963.93994140625
2022-11-29,138.69439697265625,3957.6298828125
2022-11-30,145.43409729003906,4080.110107421875
2022-12-01,145.70921325683594,4076.570068359375
2022-12-02,145.21795654296875,4071.699951171875
2022-12-05,144.05870056152344,3998.840087890625
2022-12-06,140.40390014648438,3941.260009765625
2022-12-07,138.4684600830078,3933.919921875
2022-12-08,140.14845275878906,3963.510009765625
2022-12-09,139.66702270507812,3934.3798828125
2022-12-12,141.95620727539062,3990.56005859375
2022-12-13,142.91900634765625,4019.64990234375
2022-12-14,140.69866943359375,3995.320068359375
2022-12-15,134.10630798339844,3895.75
2022-12-16,132.1511688232422,3852.360107421875
2022-12-19,130.04873657226562,3817.659912109375
2022-12-20,129.97994995117188,3821.6201171875
2022-12-21,133.07470703125,3878.43994140625
2022-12-22,129.91116333007812,3822.389892578125
2022-12-23,129.5476837158203,3844.820068359375
2022-12-27,127.7497787475586,3829.25
2022-12-28,123.82974243164062,3783.219970703125
2022-12-29,127.33714294433594,3849.280029296875
2022-12-30,127.65150451660156,3839.5
2023-01-03,122.87673950195312,3824.139892578125
2023-01-04,124.14411926269531,3852.969970703125
2023-01-05,122.8276138305664,3808.10009765625
2023-01-06,127.34690856933594,3895.080078125
2023-01-09,127.86763000488281,3892.090087890625
2023-01-10,128.4375,3919.25
2023-01-11,131.1490936279297,3969.610107421875
2023-01-12,131.07049560546875,3983.169921875
2023-01-13,132.39683532714844,3999.090087890625
2023-01-17,133.55612182617188,3990.969970703125
2023-01-18,132.83892822265625,3928.860107421875
2023-01-19,132.8978729248047,3898.85009765625
2023-01-20,135.45228576660156,3972.610107421875
2023-01-23,138.6354522705078,4019.81005859375
2023-01-24,140.03057861328125,4016.949951171875
2023-01-25,139.37232971191406,4016.219970703125
2023-01-26,141.4355010986328,4060.429931640625
2023-01-27,143.3709259033203,4070.56005859375
2023-01-30,140.49232482910156,4017.77001953125
2023-01-31,141.7596893310547,4076.60009765625
2023-02-01,142.8797149658203,4119.2099609375
2023-02-02,148.1751708984375,4179.759765625
2023-02-03,151.79063415527344,4136.47998046875
2023-02-06,149.0692138671875,4111.080078125
2023-02-07,151.93804931640625,4164.0
2023-02-08,149.25587463378906,4117.85986328125
2023-02-09,148.2242889404297,4081.5
2023-02-10,148.58837890625,4090.4599609375
2023-02-13,151.38284301757812,4137.2900390625
2023-02-14,150.74325561523438,4136.1298828125
2023-02-15,152.8390655517578,4147.60009765625
2023-02-16,151.24510192871094,4090.409912109375
2023-02-17,150.10369873046875,4079.090087890625
2023-02-21,146.0989532470703,3997.340087890625
2023-02-22,146.52206420898438,3991.050048828125
2023-02-23,147.0041961669922,4012.320068359375
2023-02-24,144.35733032226562,3970.0400390625
2023-02-27,145.54791259765625,3982.239990234375
2023-02-28,145.0460968017578,3970.14990234375
2023-03-01,142.9797821044922,3951.389892578125
2023-03-02,143.5701446533203,3981.35009765625
2023-03-03,148.60804748535156,4045.639892578125
2023-03-06,151.3631591796875,4048.419921875
2023-03-07,149.1688995361328,3986.3701171875
2023-03-08,150.4185333251953,3992.010009765625
2023-03-09,148.1750946044922,3918.320068359375
2023-03-10,146.11866760253906,3861.590087890625
2023-03-13,148.0570526123047,3855.760009765625
2023-03-14,150.1430206298828,3919.2900390625
2023-03-15,150.53662109375,3891.929931640625
2023-03-16,153.3507537841797,3960.280029296875
2023-03-17,152.51437377929688,3916.639892578125
2023-03-20,154.87591552734375,3951.570068359375
2023-03-21,156.72576904296875,4002.8701171875
2023-03-22,155.29904174804688,3936.969970703125
2023-03-23,156.38136291503906,3948.719970703125
2023-03-24,157.68019104003906,3970.989990234375
2023-03-27,155.7417755126953,3977.530029296875
2023-03-28,155.1218719482422,3971.27001953125
2023-03-29,158.19183349609375,4027.81005859375
2023-03-30,159.75637817382812,4050.830078125
2023-03-31,162.25563049316406,4109.31005859375
2023-04-03,163.50523376464844,4124.509765625
2023-04-04,162.9739532470703,4100.60009765625
2023-04-05,161.1339111328125,4090.3798828125
2023-04-06,162.01947021484375,4105.02001953125
2023-04-10,159.431640625,4109.10986328125
2023-04-11,158.22137451171875,4108.93994140625
2023-04-12,157.53262329101562,4091.949951171875
2023-04-13,162.90504455566406,4146.22021484375
2023-04-14,162.56063842773438,4137.64013671875
2023-04-17,162.58035278320312,4151.31982421875
2023-04-18,163.8004608154297,4154.8701171875
2023-04-19,164.94186401367188,4154.52001953125
2023-04-20,163.97756958007812,4129.7900390625
2023-04-21,162.37371826171875,4133.52001953125
2023-04-24,162.67874145507812,4137.0400390625
2023-04-25,161.14376831054688,4071.6298828125
2023-04-26,161.1339111328125,4055.989990234375
2023-04-27,165.7093505859375,4135.35009765625
2023-04-28,166.958984375,4169.47998046875
2023-05-01,166.87039184570312,4167.8701171875
2023-05-02,165.8372344970703,4119.580078125
2023-05-03,164.7647247314453,4090.75
2023-05-04,163.13136291503906,4061.219970703125
2023-05-05,170.78660583496094,4136.25
2023-05-08,170.7177276611328,4138.1201171875
2023-05-09,169.01547241210938,4119.169921875
2023-05-10,170.7767333984375,4137.64013671875
2023-05-11,170.9636993408203,4130.6201171875
2023-05-12,170.03749084472656,4124.080078125
2023-05-15,169.5448455810547,4136.27978515625
2023-05-16,169.5448455810547,4109.89990234375
2023-05-17,170.15577697753906,4158.77001953125
2023-05-18,172.48110961914062,4198.0498046875
2023-05-19,172.5894775390625,4191.97998046875
2023-05-22,171.64356994628906,4192.6298828125
2023-05-23,169.0423126220703,4145.580078125
2023-05-24,169.31822204589844,4115.240234375
2023-05-25,170.4513397216797,4151.27978515625
2023-05-26,172.8555145263672,4205.4501953125
2023-05-30,174.6981201171875,4205.52001953125
2023-05-31,174.6488037109375,4179.830078125
2023-06-01,177.44711303710938,4221.02001953125
2023-06-02,178.29452514648438,4282.3701171875
2023-06-05,176.9446258544922,4273.7900390625
2023-06-06,176.58009338378906,4283.85009765625
2023-06-07,175.21046447753906,4267.52001953125
2023-06-08,177.92007446289062,4293.93017578125
2023-06-09,178.30438232421875,4298.85986328125
2023-06-12,181.09286499023438,4338.93017578125
2023-06-13,180.6199188232422,4369.009765625
2023-06-14,181.2505340576172,4372.58984375
2023-06-15,183.2802734375,4425.83984375
2023-06-16,182.20628356933594,4409.58984375
2023-06-20,182.294921875,4388.7099609375
2023-06-21,181.26039123535156,4365.68994140625
2023-06-22,184.25572204589844,4381.89013671875
2023-06-23,183.9404296875,4348.330078125
2023-06-26,182.55111694335938,4328.81982421875
2023-06-27,185.30018615722656,4378.41015625
2023-06-28,186.4727325439453,4376.85986328125
2023-06-29,186.80770874023438,4396.43994140625
2023-06-30,191.1234588623047,4450.3798828125
2023-07-03,189.63563537597656,4455.58984375
2023-07-05,188.52218627929688,4446.81982421875
2023-07-06,188.99514770507812,4411.58984375
2023-07-07,187.8817596435547,4398.9501953125
2023-07-10,185.8421173095703,4409.52978515625
2023-07-11,185.3199005126953,4439.259765625
2023-07-12,186.98507690429688,4472.16015625
2023-07-13,187.74380493164062,4510.0400390625
2023-07-14,187.89157104492188,4505.419921875
2023-07-17,191.14317321777344,4522.7900390625
2023-07-18,190.886962890625,4554.97998046875
2023-07-19,192.2368621826172,4565.72021484375
2023-07-20,190.29579162597656,4534.8701171875
2023-07-21,189.1232452392578,4536.33984375
2023-07-24,189.9213409423828,4554.64013671875
2023-07-25,190.778564453125,4567.4599609375
2023-07-26,191.6456756591797,4566.75
2023-07-27,190.38446044921875,4537.41015625
2023-07-28,192.95614624023438,4582.22998046875
2023-07-31,193.5670928955078,4588.9599609375
2023-08-01,192.7393798828125,4576.72998046875
2023-08-02,189.7538604736328,4513.39013671875
2023-08-03,188.3645477294922,4501.89013671875
2023-08-04,179.31927490234375,4478.02978515625
2023-08-07,176.22535705566406,4518.43994140625
2023-08-08,177.16139221191406,4499.3798828125
2023-08-09,175.57505798339844,4467.7099609375
2023-08-10,175.35826110839844,4468.830078125
2023-08-11,175.41746520996094,4464.0498046875
2023-08-14,177.06521606445312,4489.72021484375
2023-08-15,175.0819854736328,4437.85986328125
2023-08-16,174.21377563476562,4404.330078125
2023-08-17,171.67800903320312,4370.35986328125
2023-08-18,172.1614990234375,4369.7099609375
2023-08-21,173.49349975585938,4399.77001953125
2023-08-22,174.86492919921875,4387.5498046875
2023-08-23,178.70301818847656,4436.009765625
2023-08-24,174.0262451171875,4376.31005859375
2023-08-25,176.22653198242188,4405.7099609375
2023-08-28,177.7854461669922,4433.31005859375
2023-08-29,181.66297912597656,4497.6298828125
2023-08-30,185.14585876464844,4514.8701171875
2023-08-31,185.3629608154297,4507.66015625
2023-09-01,186.93174743652344,4515.77001953125
2023-09-05,187.1685028076172,4496.830078125
2023-09-06,180.46913146972656,4465.47998046875
2023-09-07,175.1905059814453,4451.14013671875
2023-09-08,175.80224609375,4457.490234375
2023-09-11,176.9665069580078,4487.4599609375
2023-09-12,173.9473419189453,4461.89990234375
2023-09-13,171.88522338867188,4467.43994140625
2023-09-14,173.3948211669922,4505.10009765625
2023-09-15,172.67454528808594,4450.31982421875
2023-09-18,175.59506225585938,4453.52978515625
2023-09-19,176.6803741455078,4443.9501953125
2023-09-20,173.1481475830078,4402.2001953125
2023-09-21,171.6089630126953,4330.0
2023-09-22,172.45748901367188,4320.06005859375
2023-09-25,173.7302703857422,4337.43994140625
2023-09-26,169.665283203125,4273.52978515625
2023-09-27,168.1556854248047,4274.509765625
2023-09-28,168.4121856689453,4299.7001953125
2023-09-29,168.92526245117188,4288.0498046875
2023-10-02,171.43138122558594,4288.39013671875
2023-10-03,170.09939575195312,4229.4501953125
2023-10-04,171.34255981445312,4263.75
2023-10-05,172.57589721679688,4258.18994140625
2023-10-06,175.12147521972656,4308.5
2023-10-09,176.60145568847656,4335.66015625
2023-10-10,176.00946044921875,4358.240234375
2023-10-11,177.40061950683594,4376.9501953125
2023-10-12,178.2985076904297,4349.60986328125
2023-10-13,176.4633331298828,4327.77978515625
2023-10-16,176.33505249023438,4373.6298828125
2023-10-17,174.7860107421875,4373.2001953125
2023-10-18,173.49349975585938,4314.60009765625
2023-10-19,173.11856079101562,4278.0
2023-10-20,170.57298278808594,4224.16015625
2023-10-23,170.69139099121094,4217.0400390625
2023-10-24,171.12550354003906,4247.68017578125
2023-10-25,168.8167266845703,4186.77001953125
2023-10-26,164.6628875732422,4137.22998046875
2023-10-27,165.97515869140625,4117.3701171875
2023-10-30,168.01754760742188,4166.81982421875
2023-10-31,168.4911346435547,4193.7998046875
2023-11-01,171.64845275878906,4237.85986328125
2023-11-02,175.2003936767578,4317.77978515625
2023-11-03,174.29266357421875,4358.33984375
2023-11-06,176.8382568359375,4365.97998046875
2023-11-07,179.3936767578125,4378.3798828125
2023-11-08,180.4493865966797,4382.77978515625
2023-11-09,179.97581481933594,4347.35009765625
2023-11-10,184.15484619140625,4415.240234375
2023-11-13,182.5741424560547,4411.5498046875
2023-11-14,185.18231201171875,4495.7001953125
2023-11-15,185.7454833984375,4502.8798828125
2023-11-16,187.4250030517578,4508.240234375
2023-11-17,187.4052276611328,4514.02001953125
2023-11-20,189.14402770996094,4547.3798828125
2023-11-21,188.34378051757812,4538.18994140625
2023-11-22,189.00575256347656,4556.6201171875
2023-11-24,187.6818389892578,4559.33984375
2023-11-27,187.5040283203125,4550.43017578125
2023-11-28,188.106689453125,4554.89013671875
2023-11-29,187.08908081054688,4550.580078125
2023-11-30,187.662109375,4567.7998046875
2023-12-01,188.9365997314453,4594.6298828125
2023-12-04,187.1483612060547,4569.77978515625
2023-12-05,191.09030151367188,4567.18017578125
2023-12-06,190.00355529785156,4549.33984375
2023-12-07,191.9300537109375,4585.58984375
2023-12-08,193.3527374267578,4604.3701171875
2023-12-11,190.8531951904297,4622.43994140625
2023-12-12,192.3647918701172,4643.7001953125
2023-12-13,195.5756378173828,4707.08984375
2023-12-14,195.7238311767578,4719.5498046875
2023-12-15,195.19032287597656,4719.18994140625
2023-12-18,193.5305633544922,4740.56005859375
2023-12-19,194.5679168701172,4768.3701171875
2023-12-20,192.48330688476562,4698.35009765625
2023-12-21,192.33511352539062,4746.75
2023-12-22,191.26812744140625,4754.6298828125
2023-12-26,190.72476196289062,4774.75
2023-12-27,190.8235626220703,4781.580078125
2023-12-28,191.24839782714844,4783.35009765625
2023-12-29,190.2110137939453,4769.830078125
2024-01-02,183.4040069580078,4742.830078125
2024-01-03,182.03076171875,4704.81005859375
2024-01-04,179.71893310546875,4688.68017578125
2024-01-05,178.99771118164062,4697.240234375
2024-01-08,183.32498168945312,4763.5400390625
2024-01-09,182.91001892089844,4756.5
2024-01-10,183.94740295410156,4783.4501953125
2024-01-11,183.3546142578125,4780.240234375
2024-01-12,183.68063354492188,4783.830078125
2024-01-16,181.41822814941406,4765.97998046875
2024-01-17,180.4796600341797,4739.2099609375
2024-01-18,186.35800170898438,4780.93994140625
2024-01-19,189.25271606445312,4839.81005859375
2024-01-22,191.55465698242188,4850.43017578125
2024-01-23,192.82907104492188,4864.60009765625
2024-01-24,192.15725708007812,4868.5498046875
2024-01-25,191.8312530517578,4894.16015625
2024-01-26,190.1023406982422,4890.97021484375
2024-01-29,189.42066955566406,4927.93017578125
2024-01-30,185.7751007080078,4924.97021484375
2024-01-31,182.17892456054688,4845.64990234375
2024-02-01,184.60931396484375,4906.18994140625
2024-02-02,183.6114959716797,4958.60986328125
2024-02-05,185.41943359375,4942.81005859375
2024-02-06,187.01992797851562,4954.22998046875
2024-02-07,187.12860107421875,4995.06005859375
2024-02-08,186.05174255371094,4997.91015625
2024-02-09,186.8134307861328,5026.60986328125
2024-02-12,185.13174438476562,5021.83984375
2024-02-13,183.04449462890625,4953.169921875
2024-02-14,182.16409301757812,5000.6201171875
2024-02-15,181.87725830078125,5029.72998046875
2024-02-16,180.34393310546875,5005.56982421875
2024-02-20,179.60205078125,4975.509765625
2024-02-21,180.35382080078125,4981.7998046875
2024-02-22,182.38172912597656,5087.02978515625
2024-02-23,180.55169677734375,5088.7998046875
2024-02-26,179.2063751220703,5069.52978515625
2024-02-27,180.66049194335938,5078.18017578125
2024-02-28,179.46356201171875,5069.759765625
2024-02-29,178.80079650878906,5096.27001953125
2024-03-01,177.72254943847656,5137.080078125
2024-03-04,173.2117156982422,5130.9501953125
2024-03-05,168.285400390625,5078.64990234375
2024-03-06,167.2961883544922,5104.759765625
2024-03-07,167.17747497558594,5157.35986328125
2024-03-08,168.88882446289062,5123.68994140625
2024-03-11,170.88705444335938,5117.93994140625
2024-03-12,171.3618621826172,5175.27001953125
2024-03-13,169.28453063964844,5165.31005859375
2024-03-14,171.13436889648438,5150.47998046875
2024-03-15,170.75845336914062,5117.08984375
2024-03-18,171.84658813476562,5149.419921875
2024-03-19,174.18113708496094,5178.509765625
2024-03-20,176.7432098388672,5224.6201171875
2024-03-21,169.52191162109375,5241.52978515625
2024-03-22,170.422119140625,5234.18017578125
2024-03-25,169.00753784179688,5218.18994140625
2024-03-26,167.87985229492188,5203.580078125
2024-03-27,171.4409942626953,5248.490234375
2024-03-28,169.6307373046875,5254.35009765625
2024-04-01,168.19638061523438,5243.77001953125
2024-04-02,167.0192108154297,5205.81005859375
2024-04-03,167.8204803466797,5211.490234375
2024-04-04,166.9994659423828,5147.2099609375
2024-04-05,167.75125122070312,5204.33984375
2024-04-08,166.6334228515625,5202.39013671875
2024-04-09,167.8402862548828,5209.91015625
2024-04-10,165.97064208984375,5160.64013671875
2024-04-11,173.15232849121094,5199.06005859375
2024-04-12,174.64605712890625,5123.41015625
2024-04-15,170.8277130126953,5061.81982421875
2024-04-16,167.55340576171875,5051.41015625
2024-04-17,166.18829345703125,5022.2099609375
2024-04-18,165.23863220214844,5011.1201171875
2024-04-19,163.2206268310547,4967.22998046875
2024-04-22,164.05157470703125,5010.60009765625
2024-04-23,165.1001739501953,5070.5498046875
2024-04-24,167.19728088378906,5071.6298828125
2024-04-25,168.057861328125,5048.419921875
2024-04-26,167.47427368164062,5099.9599609375
2024-04-29,171.62896728515625,5116.169921875
2024-04-30,168.4931640625,5035.68994140625
2024-05-01,167.47427368164062,5018.39013671875
2024-05-02,171.1640167236328,5064.2001953125
2024-05-03,181.4024200439453,5127.7900390625
2024-05-06,179.75042724609375,5180.740234375
2024-05-07,180.4329833984375,5187.7001953125
2024-05-08,180.7693328857422,5187.669921875
2024-05-09,182.57960510253906,5214.080078125
2024-05-10,181.32156372070312,5222.68017578125
2024-05-13,184.52108764648438,5221.419921875
2024-05-14,185.6602020263672,5246.68017578125
2024-05-15,187.92860412597656,5308.14990234375
2024-05-16,188.0474395751953,5297.10009765625
2024-05-17,188.0771942138672,5303.27001953125
2024-05-20,189.2361297607422,5308.1298828125
2024-05-21,190.5337677001953,5321.41015625
2024-05-22,189.09744262695312,5307.009765625
2024-05-23,185.11541748046875,5267.83984375
2024-05-24,188.1861114501953,5304.72021484375
2024-05-28,188.19607543945312,5306.0400390625
2024-05-29,188.4932098388672,5266.9501953125
2024-05-30,189.4837646484375,5235.47998046875
2024-05-31,190.43470764160156,5277.509765625
2024-06-03,192.19790649414062,5283.39990234375
2024-06-04,192.51487731933594,5291.33984375
2024-06-05,194.02049255371094,5354.02978515625
2024-06-06,192.64366149902344,5352.9599609375
2024-06-07,195.0308837890625,5346.990234375
2024-06-10,191.29647827148438,5360.7900390625
2024-06-11,205.19400024414062,5375.31982421875
2024-06-12,211.05812072753906,5421.02978515625
2024-06-13,212.2170867919922,5433.740234375
2024-06-14,210.48361206054688,5431.60009765625
2024-06-17,214.62411499023438,5473.22998046875
2024-06-18,212.26658630371094,5487.02978515625
2024-06-20,207.70013427734375,5473.169921875
2024-06-21,205.53079223632812,5464.6201171875
2024-06-24,206.1746826171875,5447.8701171875
2024-06-25,207.0959014892578,5469.2998046875
2024-06-26,211.23638916015625,5477.89990234375
2024-06-27,212.07839965820312,5482.8701171875
2024-06-28,208.63124084472656,5460.47998046875
2024-07-01,214.70335388183594,5475.08984375
2024-07-02,218.19012451171875,5509.009765625
2024-07-03,219.45802307128906,5537.02001953125
2024-07-05,224.20278930664062,5567.18994140625
2024-07-08,225.66883850097656,5572.85009765625
2024-07-09,226.5207061767578,5576.97998046875
2024-07-10,230.7801055908203,5633.91015625
2024-07-11,225.4211883544922,5584.5400390625
2024-07-12,228.3631591796875,5615.35009765625
2024-07-15,232.1867218017578,5631.22021484375
2024-07-16,232.60275268554688,5667.2001953125
2024-07-17,226.7188262939453,5588.27001953125
2024-07-18,222.06321716308594,5544.58984375
2024-07-19,222.19198608398438,5505.0
2024-07-22,221.84530639648438,5564.41015625
2024-07-23,222.8853759765625,5555.740234375
2024-07-24,216.47647094726562,5427.1298828125
2024-07-25,215.43638610839844,5399.22021484375
2024-07-26,215.9019317626953,5459.10009765625
2024-07-29,216.17930603027344,5463.5400390625
2024-07-30,216.7340087890625,5436.43994140625
2024-07-31,219.9830322265625,5522.2998046875
2024-08-01,216.29815673828125,5446.68017578125
2024-08-02,217.78402709960938,5346.56005859375
2024-08-05,207.29400634765625,5186.330078125
2024-08-06,205.2732391357422,5240.02978515625
2024-08-07,207.8388214111328,5199.5
2024-08-08,211.29583740234375,5319.31005859375
2024-08-09,214.1981964111328,5344.16015625
2024-08-12,215.7254180908203,5344.39013671875
2024-08-13,219.43438720703125,5434.43017578125
2024-08-14,219.8806610107422,5455.2099609375
2024-08-15,222.85577392578125,5543.22021484375
2024-08-16,224.17474365234375,5554.25
2024-08-19,224.01608276367188,5608.25
2024-08-20,224.63092041015625,5597.1201171875
2024-08-21,224.52183532714844,5620.85009765625
2024-08-22,222.66732788085938,5570.64013671875
2024-08-23,224.9581756591797,5634.60986328125
2024-08-26,225.29534912109375,5616.83984375
2024-08-27,226.13832092285156,5625.7998046875
2024-08-28,224.61106872558594,5592.18017578125
2024-08-29,227.8837127685547,5591.9599609375
2024-08-30,227.1002655029297,5648.39990234375
2024-09-03,220.92193603515625,5528.93017578125
2024-09-04,219.0178680419922,5520.06982421875
2024-09-05,220.53517150878906,5503.41015625
2024-09-06,218.98814392089844,5408.419921875
2024-09-09,219.07737731933594,5471.0498046875
2024-09-10,218.2840118408203,5495.52001953125
2024-09-11,220.8128662109375,5554.1298828125
2024-09-12,220.92193603515625,5595.759765625
2024-09-13,220.65419006347656,5626.02001953125
2024-09-16,214.52545166015625,5633.08984375
2024-09-17,214.99154663085938,5634.580078125
2024-09-18,218.85919189453125,5618.259765625
2024-09-19,226.97132873535156,5713.64013671875
2024-09-20,226.30686950683594,5702.5498046875
2024-09-23,224.59124755859375,5718.56982421875
2024-09-24,225.4837646484375,5732.93017578125
2024-09-25,224.49208068847656,5722.259765625
2024-09-26,225.632568359375,5745.3701171875
2024-09-27,225.9002685546875,5738.169921875
2024-09-30,231.06707763671875,5762.47998046875
2024-10-01,224.33340454101562,5708.75
2024-10-02,224.89871215820312,5709.5400390625
2024-10-03,223.79788208007812,5699.93994140625
2024-10-04,224.9185028076172,5751.06982421875
2024-10-07,219.8509063720703,5695.93994140625
2024-10-08,223.89707946777344,5751.1298828125
2024-10-09,227.6357879638672,5792.0400390625
2024-10-10,227.1399383544922,5780.0498046875
2024-10-11,225.66233825683594,5815.02978515625
2024-10-14,229.38119506835938,5859.85009765625
2024-10-15,231.9100341796875,5815.259765625
2024-10-16,229.85720825195312,5842.47021484375
2024-10-17,230.22412109375,5841.47021484375
2024-10-18,233.05052185058594,5864.669921875
2024-10-21,234.5181884765625,5853.97998046875
2024-10-22,233.90333557128906,5851.2001953125
2024-10-23,228.84567260742188,5797.419921875
2024-10-24,228.6572723388672,5809.85986328125
2024-10-25,229.49024963378906,5808.1201171875
2024-10-28,231.4637451171875,5823.52001953125
2024-10-29,231.7315216064453,5832.919921875
2024-10-30,228.19113159179688,5813.669921875
2024-10-31,224.035888671875,5705.4501953125
2024-11-01,221.06077575683594,5728.7998046875
2024-11-04,220.16822814941406,5712.68994140625
2024-11-05,221.5963134765625,5782.759765625
2024-11-06,220.87234497070312,5929.0400390625
2024-11-07,225.59288024902344,5973.10009765625
2024-11-08,225.32481384277344,5995.5400390625
2024-11-11,222.61447143554688,6001.35009765625
2024-11-12,222.61447143554688,5983.990234375
2024-11-13,223.49806213378906,5985.3798828125
2024-11-14,226.57574462890625,5949.169921875
2024-11-15,223.3789520263672,5870.6201171875
2024-11-18,226.37718200683594,5893.6201171875
2024-11-19,226.63528442382812,5916.97998046875
2024-11-20,227.35012817382812,5917.10986328125
2024-11-21,226.8735809326172,5948.7099609375
2024-11-22,228.21385192871094,5969.33984375
2024-11-25,231.19224548339844,5987.3701171875
2024-11-26,233.366455078125,6021.6298828125
2024-11-27,233.2373809814453,5998.740234375
2024-11-29,235.62008666992188,6032.3798828125
2024-12-02,237.86383056640625,6047.14990234375
2024-12-03,240.90176391601562,6049.8798828125
2024-12-04,241.25917053222656,6086.490234375
2024-12-05,241.2889404296875,6075.10986328125
2024-12-06,241.0904083251953,6090.27001953125
2024-12-09,244.97222900390625,6052.85009765625
2024-12-10,245.98487854003906,6034.91015625
2024-12-11,244.71409606933594,6084.18994140625
2024-12-12,246.1735076904297,6051.25
2024-12-13,246.34228515625,6051.08984375
2024-12-16,249.2313232421875,6074.080078125
2024-12-17,251.6537628173828,6050.60986328125
2024-12-18,246.2628631591797,5872.16015625
2024-12-19,247.9903106689453,5867.080078125
2024-12-20,252.65647888183594,5930.85009765625
2024-12-23,253.4308624267578,5974.06982421875
2024-12-24,256.3397521972656,6040.0400390625
2024-12-26,257.15380859375,6037.58984375
2024-12-27,253.74853515625,5970.83984375
2024-12-30,250.3829803466797,5906.93994140625
2024-12-31,248.61578369140625,5881.6298828125
2025-01-02,242.09312438964844,5868.5498046875
2025-01-03,241.60665893554688,5942.47021484375
2025-01-06,243.23484802246094,5975.3798828125
2025-01-07,240.46493530273438,5909.02978515625
2025-01-08,240.95138549804688,5918.25
2025-01-10,235.1435546875,5827.0400390625
2025-01-13,232.71121215820312,5836.22021484375
2025-01-14,231.5992889404297,5842.91015625
2025-01-15,236.1562042236328,5949.91015625
2025-01-16,226.61544799804688,5937.33984375
2025-01-17,228.32305908203125,5996.66015625
2025-01-21,221.03591918945312,6049.240234375
2025-01-22,222.21737670898438,6086.3701171875
2025-01-23,222.048583984375,6118.7099609375
2025-01-24,221.17491149902344,6101.240234375
2025-01-27,228.2039031982422,6012.27978515625
2025-01-28,236.5433807373047,6067.7001953125
2025-01-29,237.63548278808594,6039.31005859375
2025-01-30,235.87820434570312,6071.169921875
2025-01-31,234.2996826171875,6040.52978515625
2025-02-03,226.3672332763672,5994.56982421875
2025-02-04,231.12274169921875,6037.8798828125
2025-02-05,230.79510498046875,6061.47998046875
2025-02-06,231.5397186279297,6083.56982421875
2025-02-07,225.99002075195312,6025.990234375
2025-02-10,226.25831604003906,6066.43994140625
2025-02-11,231.1979522705078,6068.5
2025-02-12,235.42196655273438,6051.97021484375
2025-02-13,240.053466796875,6115.06982421875
2025-02-14,243.10472106933594,6114.6298828125
2025-02-18,242.97552490234375,6129.580078125
2025-02-19,243.37306213378906,6144.14990234375
2025-02-20,244.3271942138672,6117.52001953125
2025-02-21,244.04891967773438,6013.1298828125
2025-02-24,245.58944702148438,5983.25
2025-02-25,245.52978515625,5955.25
2025-02-26,238.89065551757812,5956.06005859375
2025-02-27,235.849365234375,5861.56982421875
2025-02-28,240.36158752441406,5954.5
2025-03-03,236.57489013671875,5849.72021484375
2025-03-04,234.4877166748047,5778.14990234375
2025-03-05,234.2988739013672,5842.6298828125
2025-03-06,233.89138793945312,5738.52001953125
2025-03-07,237.60853576660156,5770.2001953125
2025-03-10,226.08938598632812,5614.56005859375
2025-03-11,219.48995971679688,5572.06982421875
2025-03-12,215.653564453125,5599.2998046875
2025-03-13,208.39817810058594,5521.52001953125
2025-03-14,212.18490600585938,5638.93994140625
2025-03-17,212.6917724609375,5675.1201171875
2025-03-18,211.38978576660156,5614.66015625
2025-03-19,213.92420959472656,5675.2900390625
2025-03-20,212.79116821289062,5662.89013671875
2025-03-21,216.93569946289062,5667.56005859375
2025-03-24,219.38064575195312,5767.56982421875
2025-03-25,222.38217163085938,5776.64990234375
2025-03-26,220.1757354736328,5712.2001953125
2025-03-27,222.48159790039062,5693.31005859375
2025-03-28,216.56793212890625,5580.93994140625
2025-03-31,220.7720947265625,5611.85009765625
2025-04-01,221.82559204101562,5633.06982421875
2025-04-02,222.5213165283203,5670.97021484375
2025-04-03,201.9478759765625,5396.52001953125
2025-04-04,187.22840881347656,5074.080078125
2025-04-07,180.35069274902344,5062.25
2025-04-08,171.365966796875,4982.77001953125
2025-04-09,197.63438415527344,5456.89990234375
2025-04-10,189.25592041015625,5268.0498046875
2025-04-11,196.9386749267578,5363.35986328125
2025-04-14,201.281982421875,5405.97021484375
2025-04-15,200.90428161621094,5396.6298828125
2025-04-16,193.0823974609375,5275.7001953125
2025-04-17,195.77581787109375,5282.7001953125
2025-04-21,191.97918701171875,5158.2001953125
2025-04-22,198.5189666748047,5287.759765625
2025-04-23,203.34925842285156,5375.85986328125
2025-04-24,207.09617614746094,5484.77001953125
2025-04-25,208.00064086914062,5525.2099609375
2025-04-28,208.8553924560547,5528.75
2025-04-29,209.91883850097656,5560.830078125
2025-04-30,211.2009735107422,5569.06005859375
2025-05-01,212.01596069335938,5604.14013671875
2025-05-02,204.09466552734375,5686.669921875
2025-05-05,197.67416381835938,5650.3798828125
2025-05-06,197.2964630126953,5606.91015625
2025-05-07,195.05030822753906,5631.27978515625
2025-05-08,196.28273010253906,5663.93994140625
2025-05-09,197.31634521484375,5659.91015625
2025-05-12,209.776123046875,5844.18994140625
2025-05-13,211.90585327148438,5886.5498046875
2025-05-14,211.30873107910156,5892.580078125
2025-05-15,210.43296813964844,5916.93017578125
2025-05-16,210.24388122558594,5958.3798828125
2025-05-19,207.7758026123047,5963.60009765625
2025-05-20,205.8650360107422,5940.4599609375
2025-05-21,201.11798095703125,5844.60986328125
2025-05-22,200.39149475097656,5842.009765625
2025-05-23,194.33078002929688,5802.81982421875
2025-05-27,199.24703979492188,5921.5400390625
2025-05-28,199.45602416992188,5888.5498046875
2025-05-29,198.98825073242188,5912.169921875
2025-05-30,199.8839569091797,5911.68994140625
2025-06-02,200.72984313964844,5935.93994140625
2025-06-03,202.2923126220703,5970.3701171875
2025-06-04,201.84446716308594,5970.81005859375
2025-06-05,199.66500854492188,5939.2998046875
2025-06-06,202.93917846679688,6000.35986328125
2025-06-09,200.48104858398438,6005.8798828125
2025-06-10,201.69517517089844,6038.81005859375
2025-06-11,197.8238983154297,6022.240234375
2025-06-12,198.24188232421875,6045.259765625
2025-06-13,195.50511169433594,5976.97021484375
2025-06-16,197.4656524658203,6033.10986328125
2025-06-17,194.69900512695312,5982.72021484375
2025-06-18,195.6344757080078,5980.8701171875
2025-06-20,200.03321838378906,5967.83984375
2025-06-23,200.5308074951172,6025.169921875
2025-06-24,199.3365936279297,6092.18017578125
2025-06-25,200.5905303955078,6092.16015625
2025-06-26,200.03321838378906,6141.02001953125
2025-06-27,200.1128387451172,6173.06982421875
2025-06-30,204.1831512451172,6204.9501953125
2025-07-01,206.8204345703125,6198.009765625
2025-07-02,211.41819763183594,6227.419921875
2025-07-03,212.52285766601562,6279.35009765625
2025-07-07,208.94017028808594,6229.97998046875
2025-07-08,208.99989318847656,6225.52001953125
2025-07-09,210.1244354248047,6263.259765625
2025-07-10,211.3883514404297,6280.4599609375
2025-07-11,210.14434814453125,6259.75
2025-07-14,207.61654663085938,6268.56005859375
2025-07-15,208.10421752929688,6243.759765625
2025-07-16,209.149169921875,6263.7001953125
2025-07-17,209.00982666015625,6297.35986328125
2025-07-18,210.16424560546875,6296.7900390625
2025-07-21,211.4580078125,6305.60009765625
2025-07-22,213.3687744140625,6309.6201171875
2025-07-23,213.11996459960938,6358.91015625
2025-07-24,212.7318572998047,6363.35009765625
2025-07-25,212.85125732421875,6388.64013671875
2025-07-28,213.02047729492188,6389.77001953125
2025-07-29,210.25384521484375,6370.85986328125
2025-07-30,208.04449462890625,6362.89990234375
2025-07-31,206.57162475585938,6339.39013671875
2025-08-01,201.40658569335938,6238.009765625
2025-08-04,202.37193298339844,6329.93994140625
2025-08-05,201.94398498535156,6299.18994140625
2025-08-06,212.22430419921875,6345.06005859375
2025-08-07,218.97169494628906,6340.0
2025-08-08,228.24685668945312,6389.4501953125
2025-08-11,226.34388732910156,6373.4501953125
2025-08-12,228.80479431152344,6445.759765625
2025-08-13,232.47125244140625,6466.580078125
2025-08-14,231.92327880859375,6468.5400390625
2025-08-15,230.73764038085938,6449.7998046875
2025-08-18,230.0402374267578,6449.14990234375
2025-08-19,229.71144104003906,6411.3701171875
2025-08-20,225.1781768798828,6395.77978515625
2025-08-21,224.072265625,6370.169921875
2025-08-22,226.92173767089844,6466.91015625
2025-08-25,226.32395935058594,6439.31982421875
2025-08-26,228.46604919433594,6465.93994140625
2025-08-27,229.64170837402344,6481.39990234375
2025-08-28,231.7041015625,6501.85986328125
2025-08-29,231.28562927246094,6460.259765625
2025-09-02,228.8745574951172,6415.5400390625
2025-09-03,237.5923309326172,6448.259765625
2025-09-04,238.8975067138672,6502.080078125
2025-09-05,238.807861328125,6481.5
2025-09-08,237.0045166015625,6495.14990234375
2025-09-09,233.48751831054688,6512.60986328125
2025-09-10,225.955322265625,6532.0400390625
2025-09-11,229.1833953857422,6587.47021484375
2025-09-12,233.2085418701172,6584.2900390625
2025-09-15,235.82884216308594,6615.27978515625
2025-09-16,237.2735137939453,6606.759765625
2025-09-17,238.1104278564453,6600.35009765625
2025-09-18,237.0045166015625,6631.9599609375
2025-09-19,244.59646606445312,6664.35986328125
2025-09-22,255.13751220703125,6693.75
2025-09-23,253.4936065673828,6656.919921875
2025-09-24,251.3813934326172,6637.97021484375
2025-09-25,255.92462158203125,6604.72021484375
2025-09-26,254.51980590820312,6643.7001953125
2025-09-29,253.4936065673828,6661.2099609375
2025-09-30,253.69288635253906,6688.4599609375
2025-10-01,254.5098419189453,6711.2001953125
2025-10-02,256.18365478515625,6715.35009765625
2025-10-03,257.07037353515625,6715.7900390625
2025-10-06,255.74526977539062,6740.27978515625
2025-10-07,255.53607177734375,6714.58984375
2025-10-08,257.1102600097656,6753.72021484375
2025-10-09,253.1050262451172,6735.10986328125
2025-10-10,244.36732482910156,6552.509765625
2025-10-13,246.74851989746094,6654.72021484375
2025-10-14,246.8581085205078,6644.31005859375
2025-10-15,248.42233276367188,6671.06005859375
2025-10-16,246.53927612304688,6629.06982421875
2025-10-17,251.36146545410156,6664.009765625
2025-10-20,261.27484130859375,6735.1298828125
2025-10-21,261.8028869628906,6735.35009765625
2025-10-22,257.4988098144531,6699.39990234375
2025-10-23,258.6246032714844,6738.43994140625
2025-10-24,261.85272216796875,6791.68994140625
2025-10-27,267.8206481933594,6875.16015625
2025-10-28,268.00994873046875,6890.89013671875
2025-10-29,268.7073974609375,6890.58984375
2025-10-30,270.401123046875,6822.33984375
2025-10-31,269.37493896484375,6840.2001953125
2025-11-03,268.0597839355469,6851.97021484375
2025-11-04,269.046142578125,6771.5498046875
2025-11-05,269.14581298828125,6796.2900390625
2025-11-06,268.7771301269531,6720.31982421875
2025-11-07,267.48193359375,6728.7998046875
2025-11-10,268.6985778808594,6832.43017578125
2025-11-11,274.5028076171875,6846.60986328125
2025-11-12,272.7276611328125,6850.919921875
2025-11-13,272.2090759277344,6737.490234375
2025-11-14,271.6705322265625,6734.10986328125
2025-11-17,266.7339782714844,6672.41015625
2025-11-18,266.7139892578125,6617.31982421875
2025-11-19,267.83099365234375,6642.16015625
2025-11-20,265.5272521972656,6538.759765625
2025-11-21,270.75299072265625,6602.990234375
2025-11-24,275.1710205078125,6705.1201171875
2025-11-25,276.2181701660156,6765.8798828125
2025-11-26,276.79656982421875,6812.60986328125
2025-11-28,278.0930480957031,6849.08984375
2025-12-01,282.3315124511719,6812.6298828125
2025-12-02,285.4131164550781,6829.3701171875
2025-12-03,283.3786315917969,6849.72021484375
2025-12-04,279.9380187988281,6857.1201171875
2025-12-05,278.0232238769531,6870.39990234375
2025-12-08,277.13568115234375,6846.509765625
2025-12-09,276.4275817871094,6840.509765625
2025-12-10,278.0232238769531,6886.68017578125
2025-12-11,277.2752685546875,6901.0
2025-12-12,277.52459716796875,6827.41015625
2025-12-15,273.3658752441406,6816.509765625
2025-12-16,273.8645324707031,6800.259765625
2025-12-17,271.1020812988281,6721.43017578125
2025-12-18,271.45111083984375,6774.759765625
2025-12-19,272.9271545410156,6834.5
2025-12-22,270.23443603515625,6878.490234375
2025-12-23,271.62066650390625,6909.7900390625
2025-12-24,273.06671142578125,6932.0498046875
2025-12-26,272.6578369140625,6929.93994140625
2025-12-29,273.0168762207031,6905.740234375
2025-12-30,272.33868408203125,6896.240234375
2025-12-31,271.12200927734375,6845.5
